{"train_loss_step":4.990053639630787e-05,"_timestamp":1.773342685642779e+09,"train_loss_obs0_epoch":1.0672213647922035e-05,"val_loss_rep":1.9772058294620365e-05,"val_loss":2.322081672900822e-05,"val_loss_obs0":3.448753659540671e-06,"train_loss_rep_step":3.8593389035668224e-05,"_runtime":135,"_wandb":{"runtime":135},"epoch":26,"lr":0.0002999601711053401,"train_loss_epoch":3.3956199331441894e-05,"_step":347,"train_loss_obs0_step":1.1307147360639647e-05,"train_loss_rep_epoch":2.328398659301456e-05,"lr-AdamW":0.0002999601573564662,"trainer/global_step":7370}