{"train_loss_step":2.5114346499321982e-05,"lr-AdamW":0.00029951491614769814,"_runtime":475,"trainer/global_step":25661,"train_loss_obs0_epoch":7.734895007160958e-06,"lr":0.00029951491160318255,"val_loss":1.4649147487943992e-05,"_wandb":{"runtime":475},"epoch":93,"train_loss_rep_epoch":1.1301287486276124e-05,"train_loss_epoch":1.903617703646887e-05,"_timestamp":1.7733445236117468e+09,"val_loss_obs0":6.540872163895983e-06,"_step":1213,"val_loss_rep":8.108275324048009e-06,"train_loss_rep_step":1.4487960470432881e-05,"train_loss_obs0_step":1.0626386028889101e-05}