{"train_loss_rep_step":4.667311077355407e-05,"val_loss_rep":0.0005785796092823148,"_timestamp":1.7733283141023247e+09,"val_loss_obs0":0.00015669420827180147,"train_loss_obs0_step":7.410904800053686e-06,"train_loss_rep_epoch":0.00739255640655756,"val_loss":0.0007352737011387944,"lr":0.00029999983962625265,"train_loss_step":5.408401557360776e-05,"_step":19,"train_loss_epoch":0.01858280785381794,"_wandb":{"runtime":15},"_runtime":15,"train_loss_obs0_epoch":0.011190265417098999,"trainer/global_step":449,"epoch":1,"lr-AdamW":0.0002999998512682966}