{"train/clip_range":0.2,"train/value_loss":0.027398283,"global_step":32768,"rollout/ep_len_mean":999,"train/entropy_loss":-1.4560504,"train/policy_gradient_loss":0.00979791,"_wandb":{"runtime":251},"train/explained_variance":0.015615821,"time/fps":141,"train/learning_rate":0.0003,"train/approx_kl":0.0030360399,"train/std":1.0542004,"train/loss":-0.41906354,"_runtime":251,"_step":15,"_timestamp":1.7734788452025254e+09,"train/clip_fraction":0.021417236,"rollout/ep_rew_mean":-52.48679}