{"train_loss_epoch":1.640815935388673e-05,"_step":1135,"train_loss_rep_epoch":3.962158189096954e-06,"trainer/global_step":24023,"val_loss":2.0285393475205638e-05,"train_loss_obs0_epoch":1.2446001164789777e-05,"lr":0.0002995753020513803,"epoch":87,"val_loss_rep":3.852686404570704e-06,"train_loss_rep_step":3.942577677662484e-06,"_runtime":415,"lr-AdamW":0.00029957529096682323,"train_loss_step":1.1755072591768112e-05,"val_loss_obs0":1.6432708434876986e-05,"_timestamp":1.7733439916849334e+09,"train_loss_obs0_step":7.812494914105628e-06,"_wandb":{"runtime":415}}