{"train_loss_step":8.640854503028095e-06,"train_loss_rep_epoch":6.288792974373791e-06,"train_loss_epoch":2.0634231987060048e-05,"train_loss_obs0_step":3.1747294997330755e-06,"val_loss_obs0":2.137596084139659e-06,"train_loss_obs0_epoch":1.4345438103191555e-05,"epoch":65,"lr":0.0002997610718011856,"val_loss_rep":3.939092948712641e-06,"train_loss_rep_step":5.466125003295019e-06,"val_loss":6.076688805478625e-06,"_runtime":329,"_step":851,"_timestamp":1.7733430438907719e+09,"_wandb":{"runtime":329},"trainer/global_step":18017,"lr-AdamW":0.00029976105828550723}