{"epoch":58,"lr-AdamW":0.00029980883157385235,"train_loss_obs0_epoch":6.792060594307259e-05,"_runtime":301,"val_loss_obs0":5.542207509279251e-05,"train_loss_rep_step":6.805878365412354e-05,"val_loss_rep":4.988953151041642e-05,"_timestamp":1.7733452518833284e+09,"train_loss_rep_epoch":5.7166653277818114e-05,"train_loss_step":0.00010913940059253946,"_wandb":{"runtime":301},"val_loss":0.00010531161387916654,"lr":0.0002998088311869651,"_step":761,"train_loss_obs0_step":4.1080616938415915e-05,"train_loss_epoch":0.00012508724466897547,"trainer/global_step":16106}