{"train_loss_step":2.8642720280913636e-05,"val_loss":1.7269760064664297e-05,"val_loss_obs0":3.38973632096895e-06,"epoch":64,"_timestamp":1.7733449059283617e+09,"trainer/global_step":17744,"val_loss_rep":1.388002056046389e-05,"_step":837,"train_loss_epoch":2.8442931579775177e-05,"train_loss_obs0_epoch":8.936845915741287e-06,"train_loss_rep_epoch":1.9506078388076276e-05,"train_loss_obs0_step":1.2767613952746615e-05,"lr-AdamW":0.0002997689550365876,"lr":0.0002997689589392394,"train_loss_rep_step":1.587510632816702e-05,"_wandb":{"runtime":330},"_runtime":330}