{"trainer/global_step":26753,"_timestamp":1.7733282506223783e+09,"train_loss_step":7.066059879434761e-06,"epoch":97,"train_loss_obs0_epoch":8.408571375184692e-06,"lr-AdamW":0.00029947244170730713,"train_loss_obs0_step":3.755833176910528e-06,"_runtime":801,"train_loss_epoch":1.2280678674869705e-05,"_step":1265,"train_loss_rep_epoch":3.87211639463203e-06,"val_loss_obs0":1.6997264538076706e-06,"_wandb":{"runtime":801},"val_loss":4.333165634307079e-06,"val_loss_rep":2.6334391804994084e-06,"lr":0.0002994724491145462,"train_loss_rep_step":3.3102264751505572e-06}